<?xml version="1.0" encoding="utf-8"?>
<odoo>
    <data>
        <!--form视图： 成本项目分摊汇总表（新）-->
        <record model="ir.ui.view" id="hrp_cost_unit_aportion_summary_query_report_form">
            <field name="name">hrp_cost_unit_aportion_summary_query_report_form</field>
            <field name="model">hrp.cost.unit.approtion.summary.report</field>
            <field name="arch" type="xml">
                <form string="Cost Unit Apportion Summary Rpt">
                    <group>
                        <group>
                            <field name="company_id" options="{'no_create_edit':'1','no_create':'1','no_open':'1'}"/>
                            <field name="allocation_id" options="{'no_create_edit':'1','no_create':'1','no_open':'1'}"/>
                        </group>
                        <group>
                            <field name="period_id" options="{'no_create_edit':'1','no_create':'1','no_open':'1'}"
                                   domain="[('company_id','=',company_id)]" context="{'period_order_code':True}"/>
                            <field name="cost_dimension"/>
                        </group>
                    </group>
                    <notebook>
                        <page string="Cost Unit" autofocus="True"
                              attrs="{'invisible': [('cost_dimension','!=','costunit')]}">
                            <field name="cost_unit_ids" widget="multi_select_tree" res_model="hrp.cost.cost.unit" res_field="cost_unit_id">
                                <tree string="Cost Unit" editable="bottom">
                                    <field name="cost_unit_id"
                                           batch_add="true"
                                           widget="o2m_unique"
                                           options="{'no_create_edit':'1','no_create':'1','no_open':'1'}"
                                           required="1"/>
                                    <field name="cost_unit_code"/>
                                </tree>
                            </field>
                        </page>
                        <page string="Sub Cost Unit" autofocus="True"
                              attrs="{'invisible': [('cost_dimension','!=','subcostunit')]}">
                            <field name="sub_cost_unit_ids" widget="multi_select_tree" res_model="hrp.cost.sub.cost.unit" res_field="sub_cost_unit_id">
                                <tree string="Sub Cost Unit" editable="bottom">
                                    <field name="sub_cost_unit_id"
                                           batch_add="true"
                                           widget="o2m_unique"
                                           options="{'no_create_edit':'1','no_create':'1','no_open':'1'}"
                                           required="1"/>
                                    <field name="sub_cost_unit_code"/>
                                </tree>
                            </field>
                        </page>
                    </notebook>
                    <footer>
                        <button name="report_print" type="object"
                                string="Print"
                                class="oe_highlight"/>
                        or
                        <button string="Cancel" class="oe_link" special="cancel"/>
                    </footer>
                </form>
            </field>
        </record>

        <!--窗口动作：成本项目分摊汇总表（新）-->
        <record model="ir.actions.act_window" id="hrp_cost_unit_apportion_summary_action">
            <field name="name">Cost Unit Apportion Summary Rpt</field>
            <field name="res_model">hrp.cost.unit.approtion.summary.report</field>
            <field name="view_type">form</field>
            <field name="view_mode">form</field>
            <field name="target">new</field>
        </record>

        <!--菜单：成本项目分摊汇总表（新）-->
        <menuitem id="hrp_cost_unit_apportion_summary_menu" name="Cost Unit Apportion Summary Rpt"
                  parent="hrp_cost_apportion_summary_result" action="hrp_cost_unit_apportion_summary_action"
                  sequence="40"/>

        <!--&lt;!&ndash;XLSX格式&ndash;&gt;-->
        <!--<record id="hrp_cost_unit_apportion_summary_report_xlsx" model="ir.actions.report.xml">-->
            <!--<field name="name">Cost Unit Apportion Summary Rpt</field>-->
            <!--<field name="model">hrp.cost.unit.approtion.summary.report</field>-->
            <!--<field name="type">ir.actions.report.xml</field>-->
            <!--<field name="report_name">hrp.cost.apportion.unit.summary.report.xls</field>-->
            <!--<field name="report_type">xlsx</field>-->
            <!--<field name="auto" eval="False"/>-->
        <!--</record>-->

    </data>
</odoo>